contributors_enabled,created_at,default_profile,default_profile_image,description,entities,favourites_count,follow_request_sent,followers_count,following,friends_count,geo_enabled,has_extended_profile,id,id_str,is_translation_enabled,is_translator,lang,listed_count,location,name,notifications,profile_background_color,profile_background_image_url,profile_background_image_url_https,profile_background_tile,profile_banner_url,profile_image_url,profile_image_url_https,profile_link_color,profile_sidebar_border_color,profile_sidebar_fill_color,profile_text_color,profile_use_background_image,protected,screen_name,statuses_count,time_zone,translator_type,url,utc_offset,verified,knownBot
False,Tue Jul 03 23:31:19 +0000 2012,False,False,We #followback Right-Minded Patriots & Liberty Republicans from any State. Part of the MAGOP Project - Learn More On the Web About What We Do #6,{'urls': []},563,False,1513,False,1470,False,False,625986322,625986322,False,False,en,11,Massachusetts,Bedford MAGOP,False,022330,http://pbs.twimg.com/profile_background_images/378800000104789624/bc9ff5d9e21228676406608cd8311802.jpeg,https://pbs.twimg.com/profile_background_images/378800000104789624/bc9ff5d9e21228676406608cd8311802.jpeg,True,https://pbs.twimg.com/profile_banners/625986322/1518753409,http://pbs.twimg.com/profile_images/964347879228764161/qR9sY7DE_normal.jpg,https://pbs.twimg.com/profile_images/964347879228764161/qR9sY7DE_normal.jpg,0084B4,FFFFFF,C0DFEC,333333,True,False,BedfordMAGOP,1772,Atlantic Time (Canada),none,http://t.co/6XKpRDM25F,-10800,False,1
False,Wed Jul 04 00:03:58 +0000 2012,False,False,We #followback Right-Minded Patriots & Liberty Republicans from any State. Part of the MAGOP Project - Learn More On the Web About What We Do - #3,{'urls': []},778,False,1476,False,1449,False,False,626005201,626005201,False,False,en,16,Massachusetts,Carlisle MAGOP,False,022330,http://pbs.twimg.com/profile_background_images/378800000115430665/bc9ff5d9e21228676406608cd8311802.jpeg,https://pbs.twimg.com/profile_background_images/378800000115430665/bc9ff5d9e21228676406608cd8311802.jpeg,True,https://pbs.twimg.com/profile_banners/626005201/1494555561,http://pbs.twimg.com/profile_images/862854726039199745/50V0PXVc_normal.jpg,https://pbs.twimg.com/profile_images/862854726039199745/50V0PXVc_normal.jpg,0084B4,FFFFFF,C0DFEC,333333,True,False,CarlisleMAGOP,1620,,none,http://t.co/ZkcWWRvCSe,,False,1
False,Fri Jul 06 21:21:17 +0000 2012,False,False,We #followback Right-Minded Patriots & Liberty Republicans from any State. Part of the MAGOP Project - Learn More On the Web About What We Do - #3,{'urls': []},1103,False,1447,False,1445,False,False,628813356,628813356,False,False,en,11,Massachusetts,Clinton MAGOP,False,022330,http://pbs.twimg.com/profile_background_images/378800000100377024/bc9ff5d9e21228676406608cd8311802.jpeg,https://pbs.twimg.com/profile_background_images/378800000100377024/bc9ff5d9e21228676406608cd8311802.jpeg,True,https://pbs.twimg.com/profile_banners/628813356/1494034453,http://pbs.twimg.com/profile_images/860669066524016640/691XqZHU_normal.jpg,https://pbs.twimg.com/profile_images/860669066524016640/691XqZHU_normal.jpg,0084B4,FFFFFF,C0DFEC,333333,True,False,ClintonMAGOP,1863,Atlantic Time (Canada),none,http://t.co/ap5l34TcZV,-10800,False,1
False,Mon Jul 09 14:28:02 +0000 2012,False,False,We #followback Right-Minded Patriots & Liberty Republicans from any State. Part of the MAGOP Project - Learn More On the Web About What We Do #3,{'urls': []},531,False,1308,False,1227,False,False,631136471,631136471,False,False,en,9,Massachusetts,Hudson MAGOP,False,022330,http://pbs.twimg.com/profile_background_images/378800000105034032/bc9ff5d9e21228676406608cd8311802.jpeg,https://pbs.twimg.com/profile_background_images/378800000105034032/bc9ff5d9e21228676406608cd8311802.jpeg,True,https://pbs.twimg.com/profile_banners/631136471/1498911971,http://pbs.twimg.com/profile_images/881126845093105664/Pp0FCi2k_normal.jpg,https://pbs.twimg.com/profile_images/881126845093105664/Pp0FCi2k_normal.jpg,0084B4,FFFFFF,C0DFEC,333333,True,False,HudsonMAGOP,1146,,none,http://t.co/69t03Fz8,,False,1
False,Mon Jul 16 21:50:48 +0000 2012,False,False,We #followback Right-Minded Patriots & Liberty Republicans from any State. Part of the MAGOP Project - Learn More On the Web About What We Do #3,{'urls': []},505,False,1481,False,1425,False,False,637314961,637314961,False,False,en,11,Massachusetts,Chelmsford MAGOP,False,022330,http://pbs.twimg.com/profile_background_images/378800000124128107/bc9ff5d9e21228676406608cd8311802.jpeg,https://pbs.twimg.com/profile_background_images/378800000124128107/bc9ff5d9e21228676406608cd8311802.jpeg,True,https://pbs.twimg.com/profile_banners/637314961/1495655182,http://pbs.twimg.com/profile_images/867466877651603457/hkldvnsy_normal.jpg,https://pbs.twimg.com/profile_images/867466877651603457/hkldvnsy_normal.jpg,0084B4,FFFFFF,C0DFEC,333333,True,False,ChelmsfordMAGOP,1470,Atlantic Time (Canada),none,http://t.co/f4NMsVxLpi,-10800,False,1
False,Tue Jul 17 16:05:50 +0000 2012,False,False,We #followback Right-Minded Patriots & Liberty Republicans from any State. Part of the MAGOP Project - Learn More On the Web About What We Do #3,{'urls': []},887,False,1652,False,1621,False,False,701307986,701307986,False,False,en,8,Massachusetts,LawrenceMAGOP,False,022330,http://pbs.twimg.com/profile_background_images/378800000104837236/bc9ff5d9e21228676406608cd8311802.jpeg,https://pbs.twimg.com/profile_background_images/378800000104837236/bc9ff5d9e21228676406608cd8311802.jpeg,True,https://pbs.twimg.com/profile_banners/701307986/1494445885,http://pbs.twimg.com/profile_images/862394705765597184/u1cFpVzm_normal.jpg,https://pbs.twimg.com/profile_images/862394705765597184/u1cFpVzm_normal.jpg,0084B4,FFFFFF,C0DFEC,333333,True,False,LawrenceMAGOP,1773,Atlantic Time (Canada),none,http://t.co/ap5l34TcZV,-10800,False,1
False,Tue Jul 17 16:18:48 +0000 2012,False,False,We #followback Right-Minded Patriots & Liberty Republicans from any State. Part of the MAGOP Project - Learn More On the Web About What We Do #3,{'urls': []},1115,False,1522,False,1504,False,False,701329338,701329338,False,False,en,12,"Lowell, Massachusetts",Lowell MAGOP,False,022330,http://pbs.twimg.com/profile_background_images/378800000105315568/bc9ff5d9e21228676406608cd8311802.jpeg,https://pbs.twimg.com/profile_background_images/378800000105315568/bc9ff5d9e21228676406608cd8311802.jpeg,True,https://pbs.twimg.com/profile_banners/701329338/1492111650,http://pbs.twimg.com/profile_images/852604219060232192/Tc8MhoPp_normal.jpg,https://pbs.twimg.com/profile_images/852604219060232192/Tc8MhoPp_normal.jpg,0084B4,FFFFFF,C0DFEC,333333,True,False,LowellMAGOP,2012,Atlantic Time (Canada),none,http://t.co/dynJvZ70Il,-10800,False,1
False,Tue Jul 24 18:58:49 +0000 2012,False,False,We #followback Right-Minded Patriots & Liberty Republicans from any State. Part of the MAGOP Project - Learn More On the Web About What We Do #5,{'urls': []},768,False,1764,False,1780,False,False,714763273,714763273,False,False,en,15,Massachusetts,Arlington MAGOP,False,022330,http://pbs.twimg.com/profile_background_images/378800000105343440/bc9ff5d9e21228676406608cd8311802.jpeg,https://pbs.twimg.com/profile_background_images/378800000105343440/bc9ff5d9e21228676406608cd8311802.jpeg,True,https://pbs.twimg.com/profile_banners/714763273/1493148028,http://pbs.twimg.com/profile_images/856951104860332032/1X-HCVYr_normal.jpg,https://pbs.twimg.com/profile_images/856951104860332032/1X-HCVYr_normal.jpg,0084B4,FFFFFF,C0DFEC,333333,True,False,ArlingtonMAGOP,2055,Atlantic Time (Canada),none,http://t.co/yK64WYsWi7,-10800,False,1
False,Tue Jul 24 19:31:00 +0000 2012,False,False,We #followback Right-Minded Patriots & Liberty Republicans from any State. Part of the MAGOP Project - Learn More On the Web About What We Do #7,{'urls': []},1496,False,1601,False,1682,False,False,714806485,714806485,False,False,en,16,Massachusetts,Cambridge MAGOP,False,022330,http://pbs.twimg.com/profile_background_images/378800000112376172/bc9ff5d9e21228676406608cd8311802.jpeg,https://pbs.twimg.com/profile_background_images/378800000112376172/bc9ff5d9e21228676406608cd8311802.jpeg,True,https://pbs.twimg.com/profile_banners/714806485/1499867409,http://pbs.twimg.com/profile_images/885134186541182978/Irz5gnpJ_normal.jpg,https://pbs.twimg.com/profile_images/885134186541182978/Irz5gnpJ_normal.jpg,0084B4,FFFFFF,C0DFEC,333333,True,False,CambridgeMAGOP,3974,Atlantic Time (Canada),none,http://t.co/ap5l34TcZV,-10800,False,1
False,Sat Aug 04 21:08:35 +0000 2012,False,False,We #followback Right-Minded Patriots & Liberty Republicans from any State. Part of the MAGOP Project - Learn More On the Web About What We Do #1,{'urls': []},287,False,925,False,930,False,False,737418163,737418163,False,False,en,10,Massachusetts,Sturbridge MAGOP,False,022330,http://pbs.twimg.com/profile_background_images/378800000118247634/bc9ff5d9e21228676406608cd8311802.jpeg,https://pbs.twimg.com/profile_background_images/378800000118247634/bc9ff5d9e21228676406608cd8311802.jpeg,True,https://pbs.twimg.com/profile_banners/737418163/1520609526,http://pbs.twimg.com/profile_images/972132970269061122/LzvZBAZS_normal.jpg,https://pbs.twimg.com/profile_images/972132970269061122/LzvZBAZS_normal.jpg,0084B4,FFFFFF,C0DFEC,333333,True,False,SturbridgeMAGOP,895,Atlantic Time (Canada),none,http://t.co/df2HJ34JZe,-10800,False,1
False,Thu Aug 09 20:49:53 +0000 2012,False,False,We #followback Right-Minded Patriots & Liberty Republicans from any State. Part of the MAGOP Project - Learn More On the Web About What We Do #5,{'urls': []},295,False,1503,False,1257,False,False,747916628,747916628,False,False,en,8,"Lexington, Massachusetts",Lexington MAGOP,False,022330,http://pbs.twimg.com/profile_background_images/378800000105049248/bc9ff5d9e21228676406608cd8311802.jpeg,https://pbs.twimg.com/profile_background_images/378800000105049248/bc9ff5d9e21228676406608cd8311802.jpeg,True,https://pbs.twimg.com/profile_banners/747916628/1520608450,http://pbs.twimg.com/profile_images/972128453825724416/QQPj0H--_normal.jpg,https://pbs.twimg.com/profile_images/972128453825724416/QQPj0H--_normal.jpg,0084B4,FFFFFF,C0DFEC,333333,True,False,LexingtonMAGOP,1096,Atlantic Time (Canada),none,http://t.co/MXhuZWgO7X,-10800,False,1
False,Thu Aug 16 22:42:56 +0000 2012,False,False,I'm entirely bonkers. But I'll tell you a secret. All the best people are. But I am more Right than most. Libtards should make anyone mad. @MadGOPHatter,{'urls': []},10492,False,6561,False,6393,True,False,762473928,762473928,False,False,en,30,"Boston, MA",Matt Hadder,False,C0DEED,http://pbs.twimg.com/profile_background_images/378800000086128746/b793cfbf1501b4e770f40ce27cf697b8.jpeg,https://pbs.twimg.com/profile_background_images/378800000086128746/b793cfbf1501b4e770f40ce27cf697b8.jpeg,True,https://pbs.twimg.com/profile_banners/762473928/1399321193,http://pbs.twimg.com/profile_images/555817274251018241/3G97UeNy_normal.png,https://pbs.twimg.com/profile_images/555817274251018241/3G97UeNy_normal.png,0084B4,FFFFFF,DDEEF6,333333,True,False,MattyHadder,10003,Atlantic Time (Canada),none,https://t.co/EXimEjj28V,-10800,False,1
False,Fri Aug 17 20:20:09 +0000 2012,False,False,We #followback Right-Minded Patriots & Liberty Republicans from any State. Part of the MAGOP Project - Learn More On the Web About What We Do #3,{'urls': []},607,False,1637,False,1562,False,False,764375586,764375586,False,False,en,7,Massachusetts,Groton MAGOP,False,022330,http://pbs.twimg.com/profile_background_images/378800000100475139/bc9ff5d9e21228676406608cd8311802.jpeg,https://pbs.twimg.com/profile_background_images/378800000100475139/bc9ff5d9e21228676406608cd8311802.jpeg,True,https://pbs.twimg.com/profile_banners/764375586/1500036633,http://pbs.twimg.com/profile_images/885844004687855617/3D94RBAZ_normal.jpg,https://pbs.twimg.com/profile_images/885844004687855617/3D94RBAZ_normal.jpg,0084B4,FFFFFF,C0DFEC,333333,True,False,GrotonMAGOP,1299,Atlantic Time (Canada),none,http://t.co/UjopJEJ1,-10800,False,1
False,Sat Aug 18 16:49:36 +0000 2012,False,False,We #followback Right-Minded Patriots & Liberty Republicans from any State. Part of the MAGOP Project - Learn More On the Web About What We Do #5,{'urls': []},2041,False,1656,False,1726,False,False,766024933,766024933,False,False,en,12,Massachusetts,Framingham MAGOP,False,022330,http://pbs.twimg.com/profile_background_images/378800000099993882/bc9ff5d9e21228676406608cd8311802.jpeg,https://pbs.twimg.com/profile_background_images/378800000099993882/bc9ff5d9e21228676406608cd8311802.jpeg,True,https://pbs.twimg.com/profile_banners/766024933/1492114747,http://pbs.twimg.com/profile_images/852617169137434624/AmoZZYi2_normal.jpg,https://pbs.twimg.com/profile_images/852617169137434624/AmoZZYi2_normal.jpg,0084B4,FFFFFF,C0DFEC,333333,True,False,FraminghamMAGOP,2731,Atlantic Time (Canada),none,http://t.co/nxIZmkUHl4,-10800,False,1
False,Sun Aug 19 15:40:49 +0000 2012,False,False,We #followback Right-Minded Patriots & Liberty Republicans from any State. Part of the MAGOP Project - Learn More On the Web About What We Do #3,{'urls': []},288,False,1153,False,1149,False,False,767763114,767763114,False,False,en,9,"Methuen, Massachusetts",Methuen MAGOP,False,022330,http://pbs.twimg.com/profile_background_images/378800000106186112/bc9ff5d9e21228676406608cd8311802.jpeg,https://pbs.twimg.com/profile_background_images/378800000106186112/bc9ff5d9e21228676406608cd8311802.jpeg,True,https://pbs.twimg.com/profile_banners/767763114/1513870477,http://pbs.twimg.com/profile_images/943867379821322240/qxSo8sJ8_normal.jpg,https://pbs.twimg.com/profile_images/943867379821322240/qxSo8sJ8_normal.jpg,0084B4,FFFFFF,C0DFEC,333333,True,False,MethuenMAGOP,1182,Atlantic Time (Canada),none,http://t.co/39zBd43e7W,-10800,False,1
False,Thu Sep 13 18:30:01 +0000 2012,False,False,The Statewide MAGOP Project twitter feed!  #followback Right-Minded Patriots & Liberty Republicans from any State,{'urls': []},12823,False,13257,False,12986,False,False,821979836,821979836,False,False,en,84,"Boston, Massachusetts",MAGOP,False,022330,http://pbs.twimg.com/profile_background_images/378800000105333504/bc9ff5d9e21228676406608cd8311802.jpeg,https://pbs.twimg.com/profile_background_images/378800000105333504/bc9ff5d9e21228676406608cd8311802.jpeg,True,https://pbs.twimg.com/profile_banners/821979836/1492027672,http://pbs.twimg.com/profile_images/856871415240380416/CwBuEIkn_normal.jpg,https://pbs.twimg.com/profile_images/856871415240380416/CwBuEIkn_normal.jpg,0084B4,FFFFFF,C0DFEC,333333,True,False,MAGOProject,6475,Atlantic Time (Canada),none,http://t.co/6Gw4Io6VWT,-10800,False,1
False,Thu Oct 04 16:45:51 +0000 2012,False,False,We #followback Right-Minded Patriots & Liberty Republicans from any State. Part of the MAGOP Project - Learn More On the Web About What We Do #5,{'urls': []},613,False,1198,False,1183,False,False,861691058,861691058,False,False,en,11,Massachusetts,Melrose MAGOP,False,022330,http://pbs.twimg.com/profile_background_images/378800000106181157/bc9ff5d9e21228676406608cd8311802.jpeg,https://pbs.twimg.com/profile_background_images/378800000106181157/bc9ff5d9e21228676406608cd8311802.jpeg,True,https://pbs.twimg.com/profile_banners/861691058/1513866320,http://pbs.twimg.com/profile_images/943849939326590977/wpWbcDfK_normal.jpg,https://pbs.twimg.com/profile_images/943849939326590977/wpWbcDfK_normal.jpg,0084B4,FFFFFF,C0DFEC,333333,True,False,MelroseMAGOP,1385,Atlantic Time (Canada),none,http://t.co/NzRJ0bSgv6,-10800,False,1
False,Sun Oct 28 18:59:57 +0000 2012,False,False,We #followback Right-Minded Patriots & Liberty Republicans from any State. Part of the MAGOP Project - Learn More On the Web About What We Do,{'urls': []},6461,False,5074,False,4942,False,False,910905116,910905116,False,False,en,45,"Boston, Masachusetts",Boston MAGOP,False,022330,http://pbs.twimg.com/profile_background_images/378800000100456485/bc9ff5d9e21228676406608cd8311802.jpeg,https://pbs.twimg.com/profile_background_images/378800000100456485/bc9ff5d9e21228676406608cd8311802.jpeg,True,https://pbs.twimg.com/profile_banners/910905116/1492187151,http://pbs.twimg.com/profile_images/852920854073802754/vlrnDTU6_normal.jpg,https://pbs.twimg.com/profile_images/852920854073802754/vlrnDTU6_normal.jpg,0084B4,FFFFFF,C0DFEC,333333,True,False,BostonMAGOP,5620,Atlantic Time (Canada),none,https://t.co/dUA5eWYGmK,-10800,False,1
False,Wed Oct 31 20:38:22 +0000 2012,False,False,We #followback Right-Minded Patriots & Liberty Republicans from any State. Part of the MAGOP Project - Learn More On the Web About What We Do #3,{'urls': []},544,False,1349,False,1300,False,False,917615232,917615232,False,False,en,11,Massachusetts,Fitchburg MAGOP,False,022330,http://pbs.twimg.com/profile_background_images/378800000099989882/bc9ff5d9e21228676406608cd8311802.jpeg,https://pbs.twimg.com/profile_background_images/378800000099989882/bc9ff5d9e21228676406608cd8311802.jpeg,True,https://pbs.twimg.com/profile_banners/917615232/1479739768,http://pbs.twimg.com/profile_images/800712777769717761/jTTocI96_normal.jpg,https://pbs.twimg.com/profile_images/800712777769717761/jTTocI96_normal.jpg,0084B4,FFFFFF,C0DFEC,333333,True,False,FitchburgMAGOP,1344,Atlantic Time (Canada),none,http://t.co/RexH1Hl1wY,-10800,False,1
False,Sun Dec 23 22:55:10 +0000 2012,False,False,We #followback Right-Minded Patriots & Liberty Republicans from any State. Part of the MAGOP Project - Learn More On the Web About What We Do #2,{'urls': []},1620,False,1708,False,1690,False,False,1031482320,1031482320,False,False,en,17,"Springfield, MA",Springfield MAGOP,False,022330,http://pbs.twimg.com/profile_background_images/378800000113213402/bc9ff5d9e21228676406608cd8311802.jpeg,https://pbs.twimg.com/profile_background_images/378800000113213402/bc9ff5d9e21228676406608cd8311802.jpeg,True,https://pbs.twimg.com/profile_banners/1031482320/1498283390,http://pbs.twimg.com/profile_images/878490335818776576/DyDseGsM_normal.jpg,https://pbs.twimg.com/profile_images/878490335818776576/DyDseGsM_normal.jpg,0084B4,FFFFFF,C0DFEC,333333,True,False,SpringfldMAGOP,2830,,none,http://t.co/j3Q2ILJM,,False,1
False,Mon Jan 14 18:30:45 +0000 2013,False,False,We #followback Right-Minded Patriots & Liberty Republicans from any State. Part of the MAGOP Project - Learn More On the Web About What We Do #1,{'urls': []},1120,False,1511,False,1483,False,False,1089795332,1089795332,False,False,en,13,Massachusetts,Westfield MAGOP,False,022330,http://pbs.twimg.com/profile_background_images/378800000113208452/bc9ff5d9e21228676406608cd8311802.jpeg,https://pbs.twimg.com/profile_background_images/378800000113208452/bc9ff5d9e21228676406608cd8311802.jpeg,True,https://pbs.twimg.com/profile_banners/1089795332/1499894292,http://pbs.twimg.com/profile_images/885246978556166144/qcB_WvTF_normal.jpg,https://pbs.twimg.com/profile_images/885246978556166144/qcB_WvTF_normal.jpg,0084B4,FFFFFF,C0DFEC,333333,True,False,WestfieldMAGOP,1680,Eastern Time (US & Canada),none,http://t.co/A9EjJ93U0x,-14400,False,1
False,Tue Jan 22 20:01:08 +0000 2013,False,False,"We #followback Right-Minded Patriots & Liberty Republicans from any State. Part of the MAGOP Project - Learn More On the Web About What We Do
#6",{'urls': []},708,False,1588,False,1504,False,False,1112501893,1112501893,False,False,en,12,Massachusetts,Peabody MAGOP,False,022330,http://pbs.twimg.com/profile_background_images/378800000110560279/bc9ff5d9e21228676406608cd8311802.jpeg,https://pbs.twimg.com/profile_background_images/378800000110560279/bc9ff5d9e21228676406608cd8311802.jpeg,True,https://pbs.twimg.com/profile_banners/1112501893/1499216894,http://pbs.twimg.com/profile_images/882405766954483713/zStRVHyd_normal.jpg,https://pbs.twimg.com/profile_images/882405766954483713/zStRVHyd_normal.jpg,0084B4,FFFFFF,C0DFEC,333333,True,False,PeabodyMAGOP,1392,,none,http://t.co/XEhKtcDE,,False,1
False,Wed Jan 30 20:38:31 +0000 2013,False,False,We #followback Right-Minded Patriots & Liberty Republicans from any State. Part of the MAGOP Project - Learn More On the Web About What We Do #6,{'urls': []},632,False,1127,False,1095,False,False,1135150676,1135150676,False,False,en,12,Massachusetts,Tewksbury MAGOP,False,022330,http://pbs.twimg.com/profile_background_images/378800000170024912/rLSiaLFE.jpeg,https://pbs.twimg.com/profile_background_images/378800000170024912/rLSiaLFE.jpeg,True,https://pbs.twimg.com/profile_banners/1135150676/1508905520,http://pbs.twimg.com/profile_images/923042819551440896/kZejaS-t_normal.jpg,https://pbs.twimg.com/profile_images/923042819551440896/kZejaS-t_normal.jpg,0084B4,FFFFFF,C0DFEC,333333,True,False,TewksburyMAGOP,1131,,none,http://t.co/AujFD7HinK,,False,1
False,Wed Jan 30 21:55:17 +0000 2013,False,False,We #followback Right-Minded Patriots & Liberty Republicans from any State. Part of the MAGOP Project - Learn More On the Web About What We Do #8,{'urls': []},4763,False,3790,False,3657,False,False,1135293558,1135293558,False,False,en,19,Massachusetts,Brockton MAGOP,False,022330,http://pbs.twimg.com/profile_background_images/378800000121875543/bc9ff5d9e21228676406608cd8311802.jpeg,https://pbs.twimg.com/profile_background_images/378800000121875543/bc9ff5d9e21228676406608cd8311802.jpeg,True,https://pbs.twimg.com/profile_banners/1135293558/1493658536,http://pbs.twimg.com/profile_images/859092288018030592/-4zdmqJ7_normal.jpg,https://pbs.twimg.com/profile_images/859092288018030592/-4zdmqJ7_normal.jpg,0084B4,FFFFFF,C0DFEC,333333,True,False,BrocktonMAGOP,5006,,none,http://t.co/ap5l34TcZV,,False,1
False,Sat Feb 02 23:35:22 +0000 2013,False,False,We #followback Right-Minded Patriots & Liberty Republicans from any State. Part of the MAGOP Project - Learn More On the Web About What We Do #6,{'urls': []},240,False,1326,False,1213,False,False,1143675210,1143675210,False,False,en,13,Massachusetts,Rockport MAGOP,False,022330,http://pbs.twimg.com/profile_background_images/378800000121758507/bc9ff5d9e21228676406608cd8311802.jpeg,https://pbs.twimg.com/profile_background_images/378800000121758507/bc9ff5d9e21228676406608cd8311802.jpeg,True,https://pbs.twimg.com/profile_banners/1143675210/1506551094,http://pbs.twimg.com/profile_images/913167630550409217/VjVG1epx_normal.jpg,https://pbs.twimg.com/profile_images/913167630550409217/VjVG1epx_normal.jpg,0084B4,FFFFFF,C0DFEC,333333,True,False,RockportGOP,565,Eastern Time (US & Canada),none,http://t.co/SUVCRQaz,-14400,False,1
False,Wed Jun 19 15:28:24 +0000 2013,False,False,We #followback Right-Minded Patriots & Liberty Republicans from any State. Part of the MAGOP Project - Learn More On the Web About What We Do #2,{'urls': []},2804,False,2491,False,2400,False,False,1531133916,1531133916,False,False,en,26,Massachusetts,Worcester MAGOP,False,022330,http://pbs.twimg.com/profile_background_images/378800000165246402/Q4NcQri8.png,https://pbs.twimg.com/profile_background_images/378800000165246402/Q4NcQri8.png,True,https://pbs.twimg.com/profile_banners/1531133916/1492186544,http://pbs.twimg.com/profile_images/852918307745345536/5_FKKRPC_normal.jpg,https://pbs.twimg.com/profile_images/852918307745345536/5_FKKRPC_normal.jpg,0084B4,FFFFFF,C0DFEC,333333,True,False,WorcesterMAGOP,3900,Eastern Time (US & Canada),none,http://t.co/NIyuBQa9ee,-14400,False,1
False,Thu Jun 27 18:09:27 +0000 2013,False,False,We #followback Right-Minded Patriots & Liberty Republicans from any State. Part of the MAGOP Project - Learn More On the Web About What We Do #4,{'urls': []},265,False,1349,False,1293,False,False,1551216937,1551216937,False,False,en,10,Massachusetts,Needham MAGOP,False,022330,http://pbs.twimg.com/profile_background_images/378800000106402763/bc9ff5d9e21228676406608cd8311802.jpeg,https://pbs.twimg.com/profile_background_images/378800000106402763/bc9ff5d9e21228676406608cd8311802.jpeg,True,https://pbs.twimg.com/profile_banners/1551216937/1499454522,http://pbs.twimg.com/profile_images/883402465206444032/arnhuPLU_normal.jpg,https://pbs.twimg.com/profile_images/883402465206444032/arnhuPLU_normal.jpg,0084B4,FFFFFF,C0DFEC,333333,True,False,NeedhamMAGOP,785,Atlantic Time (Canada),none,http://t.co/BkObE6YBst,-10800,False,1
False,Fri Jul 26 16:28:30 +0000 2013,False,False,We #followback Right-Minded Patriots & Liberty Republicans from any State. Part of the MAGOP Project - Learn More On the Web About What We Do #1,{'urls': []},1174,False,1409,False,1394,False,False,1623338426,1623338426,False,False,en,13,Massachusetts,North Adams MAGOP,False,022330,http://pbs.twimg.com/profile_background_images/378800000106423762/bc9ff5d9e21228676406608cd8311802.jpeg,https://pbs.twimg.com/profile_background_images/378800000106423762/bc9ff5d9e21228676406608cd8311802.jpeg,True,https://pbs.twimg.com/profile_banners/1623338426/1498777906,http://pbs.twimg.com/profile_images/880564581244039169/JQQ2IuYe_normal.jpg,https://pbs.twimg.com/profile_images/880564581244039169/JQQ2IuYe_normal.jpg,0084B4,FFFFFF,C0DFEC,333333,True,False,NorthAdamsMAGOP,1220,,none,http://t.co/WHaRmzzszL,,False,1
False,Sat Sep 14 21:09:01 +0000 2013,False,False,We #followback Right-Minded Patriots & Liberty Republicans from any State. Part of the MAGOP Project - Learn More On the Web About What We Do #6,{'urls': []},189,False,1310,False,1264,False,False,1865011970,1865011970,False,False,en,12,Massachusetts,Middleton MAGOP,False,022330,http://pbs.twimg.com/profile_background_images/378800000106193027/bc9ff5d9e21228676406608cd8311802.jpeg,https://pbs.twimg.com/profile_background_images/378800000106193027/bc9ff5d9e21228676406608cd8311802.jpeg,True,https://pbs.twimg.com/profile_banners/1865011970/1495045818,http://pbs.twimg.com/profile_images/864910995495428096/5jlNZm9Z_normal.jpg,https://pbs.twimg.com/profile_images/864910995495428096/5jlNZm9Z_normal.jpg,0084B4,FFFFFF,C0DFEC,333333,True,False,MiddletonMAGOP,695,,none,http://t.co/UvH3kIFnqg,,False,1
False,Sat Sep 14 22:08:40 +0000 2013,False,False,We #followback Right-Minded Patriots & Liberty Republicans from any State. Part of the MAGOP Project - Learn More On the Web About What We Do #2,{'urls': []},658,False,1304,False,1245,False,False,1865142108,1865142108,False,False,en,0,"Douglas, Massachusetts",Douglas MAGOP,False,022330,http://pbs.twimg.com/profile_background_images/378800000099933621/bc9ff5d9e21228676406608cd8311802.jpeg,https://pbs.twimg.com/profile_background_images/378800000099933621/bc9ff5d9e21228676406608cd8311802.jpeg,True,https://pbs.twimg.com/profile_banners/1865142108/1515115712,http://pbs.twimg.com/profile_images/949090069322743808/_plGnfPj_normal.jpg,https://pbs.twimg.com/profile_images/949090069322743808/_plGnfPj_normal.jpg,0084B4,FFFFFF,C0DFEC,333333,True,False,DouglasMAGOP,1107,,none,http://t.co/lE6tAfqrDy,,False,1
False,Mon Oct 07 22:04:33 +0000 2013,False,False,We #followback Right-Minded Patriots & Liberty Republicans from any State Part of the MAGOP Project - Learn More at the web site below: #2,{'urls': []},1666,False,2227,False,2191,False,False,1945264478,1945264478,False,False,en,19,Massachusetts,Orange MAGOP,False,022330,http://pbs.twimg.com/profile_background_images/378800000106434653/bc9ff5d9e21228676406608cd8311802.jpeg,https://pbs.twimg.com/profile_background_images/378800000106434653/bc9ff5d9e21228676406608cd8311802.jpeg,True,https://pbs.twimg.com/profile_banners/1945264478/1492537221,http://pbs.twimg.com/profile_images/854389296064716800/sj6GosqG_normal.jpg,https://pbs.twimg.com/profile_images/854389296064716800/sj6GosqG_normal.jpg,0084B4,FFFFFF,C0DFEC,333333,True,False,OrangeMAGOP,2265,,none,http://t.co/9yORbZcyXl,,False,1
False,Tue Oct 29 21:06:15 +0000 2013,False,False,We #followback Right-Minded Patriots & Liberty Republicans from any State. Part of the MAGOP Project - Learn More On the Web About What We Do #6,{'urls': []},361,False,1182,False,1160,False,False,2163541567,2163541567,False,False,en,8,Massachusetts,North Andover MAGOP,False,C0DEED,http://pbs.twimg.com/profile_background_images/378800000106421013/bc9ff5d9e21228676406608cd8311802.jpeg,https://pbs.twimg.com/profile_background_images/378800000106421013/bc9ff5d9e21228676406608cd8311802.jpeg,True,https://pbs.twimg.com/profile_banners/2163541567/1508945051,http://pbs.twimg.com/profile_images/923208636507262979/MKv-FfFC_normal.jpg,https://pbs.twimg.com/profile_images/923208636507262979/MKv-FfFC_normal.jpg,0084B4,FFFFFF,DDEEF6,333333,True,False,NAndoverMAGOP,576,,none,http://t.co/XwDJdBZvsa,,False,1
False,Thu Oct 31 12:50:46 +0000 2013,False,False,We #followback Right-Minded Patriots & Liberty Republicans from any State. Part of the MAGOP Project - Learn More On the Web About What We Do #5,{'urls': []},183,False,1106,False,969,False,False,2166582637,2166582637,False,False,en,10,"Sherborn, Massachusetts",Sherborn MAGOP,False,C0DEED,http://pbs.twimg.com/profile_background_images/378800000117265822/bc9ff5d9e21228676406608cd8311802.jpeg,https://pbs.twimg.com/profile_background_images/378800000117265822/bc9ff5d9e21228676406608cd8311802.jpeg,True,https://pbs.twimg.com/profile_banners/2166582637/1462390232,http://pbs.twimg.com/profile_images/727943561380040705/8T3jvNmp_normal.jpg,https://pbs.twimg.com/profile_images/727943561380040705/8T3jvNmp_normal.jpg,0084B4,FFFFFF,DDEEF6,333333,True,False,SherbornMAGOP,517,,none,http://t.co/TN2Xa86E05,,False,1
False,Thu Oct 31 21:07:01 +0000 2013,False,False,We #followback Right-Minded Patriots & Liberty Republicans from any State. Part of the MAGOP Project - Learn More On the Web About What We Do #5,{'urls': []},1007,False,1429,False,1430,False,False,2167248163,2167248163,False,False,en,11,Massachusetts,Waltham MAGOP,False,C0DEED,http://pbs.twimg.com/profile_background_images/378800000113264305/bc9ff5d9e21228676406608cd8311802.jpeg,https://pbs.twimg.com/profile_background_images/378800000113264305/bc9ff5d9e21228676406608cd8311802.jpeg,True,https://pbs.twimg.com/profile_banners/2167248163/1486776519,http://pbs.twimg.com/profile_images/772262342247591936/7YzEFPXp_normal.jpg,https://pbs.twimg.com/profile_images/772262342247591936/7YzEFPXp_normal.jpg,0084B4,FFFFFF,DDEEF6,333333,True,False,WalthamMAGOP,1360,,none,http://t.co/ap5l34TcZV,,False,1
False,Thu Nov 07 16:56:31 +0000 2013,False,False,We #followback Right-Minded Patriots & Liberty Republicans from any State. Part of the MAGOP Project - Learn More On the Web About What We Do #9,{'urls': []},786,False,1530,False,1505,False,False,2180467796,2180467796,False,False,en,10,Massachusetts,Egremont MAGOP,False,C0DEED,http://pbs.twimg.com/profile_background_images/378800000111300629/a39f180dae494506a2db6482ecc29b15.png,https://pbs.twimg.com/profile_background_images/378800000111300629/a39f180dae494506a2db6482ecc29b15.png,True,https://pbs.twimg.com/profile_banners/2180467796/1500933617,http://pbs.twimg.com/profile_images/842785355111657472/6ztR9ORO_normal.jpg,https://pbs.twimg.com/profile_images/842785355111657472/6ztR9ORO_normal.jpg,0084B4,FFFFFF,DDEEF6,333333,True,False,EgremontMAGOP,1524,,none,http://t.co/KSauuubFz7,,False,1
False,Tue Nov 12 22:54:18 +0000 2013,False,False,We #followback Right-Minded Patriots & Liberty Republicans from any State. Part of the MAGOP Project - Learn More On the Web About What We Do #4,{'urls': []},705,False,1268,False,1255,False,False,2191191350,2191191350,False,False,en,10,"Medfield, MAssachusetts",Medfield MAGOP,False,C0DEED,http://pbs.twimg.com/profile_background_images/378800000115714040/a39f180dae494506a2db6482ecc29b15.png,https://pbs.twimg.com/profile_background_images/378800000115714040/a39f180dae494506a2db6482ecc29b15.png,True,https://pbs.twimg.com/profile_banners/2191191350/1503599438,http://pbs.twimg.com/profile_images/900787504906940416/2RcdMt13_normal.jpg,https://pbs.twimg.com/profile_images/900787504906940416/2RcdMt13_normal.jpg,0084B4,FFFFFF,DDEEF6,333333,True,False,MedfieldMAGOP,1153,,none,http://t.co/aGWd7J9kIt,,False,1
False,Tue Nov 19 15:59:21 +0000 2013,False,False,We #followback Right-Minded Patriots & Liberty Republicans from any State. Part of the MAGOP Project - Learn More On the Web About What We Do #9,{'urls': []},867,False,1223,False,1209,False,False,2203337701,2203337701,False,False,en,9,Massachusetts,Halifax MAGOP,False,C0DEED,http://pbs.twimg.com/profile_background_images/378800000119985007/a39f180dae494506a2db6482ecc29b15.png,https://pbs.twimg.com/profile_background_images/378800000119985007/a39f180dae494506a2db6482ecc29b15.png,True,https://pbs.twimg.com/profile_banners/2203337701/1497883434,http://pbs.twimg.com/profile_images/876812924987166722/_6gemCL4_normal.jpg,https://pbs.twimg.com/profile_images/876812924987166722/_6gemCL4_normal.jpg,0084B4,FFFFFF,DDEEF6,333333,True,False,HalifaxMAGOP,804,,none,http://t.co/vjKLydqUrL,,False,1
False,Thu Nov 21 15:48:30 +0000 2013,False,False,We #followback Right-Minded Patriots & Liberty Republicans from any State. Part of the MAGOP Project - Learn More On the Web About What We Do #9,{'urls': []},249,False,1176,False,1147,False,False,2207395363,2207395363,False,False,en,11,Massachusetts,Hanson MAGOP,False,C0DEED,http://pbs.twimg.com/profile_background_images/378800000121157825/a39f180dae494506a2db6482ecc29b15.png,https://pbs.twimg.com/profile_background_images/378800000121157825/a39f180dae494506a2db6482ecc29b15.png,True,https://pbs.twimg.com/profile_banners/2207395363/1523461761,http://pbs.twimg.com/profile_images/984096111831863296/Ah4we3GX_normal.jpg,https://pbs.twimg.com/profile_images/984096111831863296/Ah4we3GX_normal.jpg,0084B4,FFFFFF,DDEEF6,333333,True,False,HansonMAGOP,727,,none,http://t.co/ap5l34TcZV,,False,1
False,Fri Nov 22 15:17:14 +0000 2013,False,False,We #followback Right-Minded Patriots & Liberty Republicans from any State. Part of the MAGOP Project - Learn More On the Web About What We Do #2,{'urls': []},351,False,996,False,931,False,False,2209122018,2209122018,False,False,en,11,Massachusetts,Hatfield MAGOP,False,C0DEED,http://pbs.twimg.com/profile_background_images/378800000163721789/rhiIUMy_.png,https://pbs.twimg.com/profile_background_images/378800000163721789/rhiIUMy_.png,True,https://pbs.twimg.com/profile_banners/2209122018/1520619677,http://pbs.twimg.com/profile_images/972175531687919617/6V7mHUby_normal.jpg,https://pbs.twimg.com/profile_images/972175531687919617/6V7mHUby_normal.jpg,0084B4,FFFFFF,DDEEF6,333333,True,False,HatfieldMAGOP,305,,none,http://t.co/ap5l34TcZV,,False,1
False,Mon Nov 25 13:28:38 +0000 2013,False,False,We #followback Right-Minded Patriots & Liberty Republicans from any State. Part of the MAGOP Project - Learn More On the Web About What We Do #8,{'urls': []},420,False,1332,False,1279,False,False,2214071510,2214071510,False,False,en,10,Massachusetts,Hingham MAGOP,False,C0DEED,http://pbs.twimg.com/profile_background_images/449697754055311360/MXxH_4Yf.jpeg,https://pbs.twimg.com/profile_background_images/449697754055311360/MXxH_4Yf.jpeg,True,https://pbs.twimg.com/profile_banners/2214071510/1503014321,http://pbs.twimg.com/profile_images/898333229589164033/JP1u-rWy_normal.jpg,https://pbs.twimg.com/profile_images/898333229589164033/JP1u-rWy_normal.jpg,0084B4,FFFFFF,DDEEF6,333333,True,False,HinghamMAGOP,620,,none,http://t.co/xuarR2s8LS,,False,1
False,Fri Dec 13 17:03:18 +0000 2013,False,False,We #followback Right-Minded Patriots & Liberty Republicans from any State. Part of the MAGOP Project - Learn More On the Web About What We Do #3,{'urls': []},503,False,1413,False,1355,False,False,2244186228,2244186228,False,False,en,11,Massachusetts,Berlin MAGOP,False,C0DEED,http://pbs.twimg.com/profile_background_images/378800000159952547/XfHawWS3.jpeg,https://pbs.twimg.com/profile_background_images/378800000159952547/XfHawWS3.jpeg,True,https://pbs.twimg.com/profile_banners/2244186228/1523896049,http://pbs.twimg.com/profile_images/985917647576444928/jmgTpqb6_normal.jpg,https://pbs.twimg.com/profile_images/985917647576444928/jmgTpqb6_normal.jpg,0084B4,FFFFFF,DDEEF6,333333,True,False,BerlinMAGOP,918,,none,http://t.co/nETg4NRg3l,,False,1
False,Fri Dec 13 17:39:29 +0000 2013,False,False,"We #followback Right-Minded Patriots & Liberty Republicans from any State. Part of the MAGOP Project - Learn More On the Web About What We Do
#2",{'urls': []},915,False,1538,False,1470,False,False,2244229052,2244229052,False,False,en,7,Massachusetts,Boylston MAGOP,False,C0DEED,http://pbs.twimg.com/profile_background_images/432153537368174592/ldCOrAbi.png,https://pbs.twimg.com/profile_background_images/432153537368174592/ldCOrAbi.png,True,https://pbs.twimg.com/profile_banners/2244229052/1499271471,http://pbs.twimg.com/profile_images/882634726292373504/V_q_j_Gx_normal.jpg,https://pbs.twimg.com/profile_images/882634726292373504/V_q_j_Gx_normal.jpg,0084B4,FFFFFF,DDEEF6,333333,True,False,BoylstonMAGOP,1042,,none,http://t.co/ap5l34TcZV,,False,1
False,Fri Dec 13 18:53:45 +0000 2013,False,False,We #followback Right-Minded Patriots & Liberty Republicans from any State. Part of the MAGOP Project - Learn More On the Web About What We Do #2,{'urls': []},325,False,1099,False,1000,False,False,2244325512,2244325512,False,False,en,13,Massachusetts,Northborough MAGOP,False,C0DEED,http://pbs.twimg.com/profile_background_images/443765613194788865/B9nRD6Xh.png,https://pbs.twimg.com/profile_background_images/443765613194788865/B9nRD6Xh.png,True,https://pbs.twimg.com/profile_banners/2244325512/1462464761,http://pbs.twimg.com/profile_images/728256194641571846/TVOKSddA_normal.jpg,https://pbs.twimg.com/profile_images/728256194641571846/TVOKSddA_normal.jpg,0084B4,FFFFFF,DDEEF6,333333,True,False,NorthboroMAGOP,648,,none,http://t.co/lvBtpYwTdK,,False,1
False,Sat Dec 14 00:56:43 +0000 2013,False,False,We #followback Right-Minded Patriots & Liberty Republicans from any State. Part of the MAGOP Project - Learn More On the Web About What We Do #6,{'urls': []},371,False,1201,False,1197,False,False,2244754568,2244754568,False,False,en,10,Massachusetts,Boxford MAGOP,False,C0DEED,http://pbs.twimg.com/profile_background_images/449645069067223040/HHZ-0mRD.jpeg,https://pbs.twimg.com/profile_background_images/449645069067223040/HHZ-0mRD.jpeg,True,https://pbs.twimg.com/profile_banners/2244754568/1505782827,http://pbs.twimg.com/profile_images/909945289154457600/m55usaS4_normal.jpg,https://pbs.twimg.com/profile_images/909945289154457600/m55usaS4_normal.jpg,0084B4,FFFFFF,DDEEF6,333333,True,False,BoxfordMAGOP,703,,none,http://t.co/pktkUf2w8m,,False,1
False,Sun Dec 29 20:56:32 +0000 2013,False,False,We #followback Right-Minded Patriots & Liberty Republicans from any State. Part of the MAGOP Project - Learn More On the Web About What We Do #4,{'urls': []},412,False,1216,False,1196,False,False,2267900545,2267900545,False,False,en,9,Massachusetts,Berkley MAGOP,False,C0DEED,http://pbs.twimg.com/profile_background_images/378800000159291977/gMCZvexI.jpeg,https://pbs.twimg.com/profile_background_images/378800000159291977/gMCZvexI.jpeg,True,https://pbs.twimg.com/profile_banners/2267900545/1516140933,http://pbs.twimg.com/profile_images/953390345013743619/-SGRWl99_normal.jpg,https://pbs.twimg.com/profile_images/953390345013743619/-SGRWl99_normal.jpg,0084B4,FFFFFF,DDEEF6,333333,True,False,BerkleyMAGOP,854,,none,http://t.co/pktkUf2w8m,,False,1
False,Thu Jan 02 00:23:57 +0000 2014,False,False,We #followback Right-Minded Patriots & Liberty Republicans from any State. Part of the MAGOP Project - Learn More On the Web About What We Do #4,{'urls': []},723,False,1407,False,1347,False,False,2272261705,2272261705,False,False,en,9,Massachusetts,Rehoboth MAGOP,False,C0DEED,http://pbs.twimg.com/profile_background_images/378800000160888818/4pjJjYVH.jpeg,https://pbs.twimg.com/profile_background_images/378800000160888818/4pjJjYVH.jpeg,True,https://pbs.twimg.com/profile_banners/2272261705/1492109078,http://pbs.twimg.com/profile_images/852593334090465280/vgdLpb5f_normal.jpg,https://pbs.twimg.com/profile_images/852593334090465280/vgdLpb5f_normal.jpg,0084B4,FFFFFF,DDEEF6,333333,True,False,RehobothMAGOP,1024,,none,http://t.co/ap5l34TcZV,,False,1
False,Fri Jan 03 23:32:12 +0000 2014,False,False,We #followback Right-Minded Patriots & Liberty Republicans from any State. Part of the MAGOP Project - Learn More On the Web About What We Do #2,{'urls': []},738,False,1472,False,1421,False,False,2275249735,2275249735,False,False,en,10,Massachusetts,Belchertown MAGOP,False,C0DEED,http://pbs.twimg.com/profile_background_images/378800000162098810/7FaiydxE.png,https://pbs.twimg.com/profile_background_images/378800000162098810/7FaiydxE.png,True,https://pbs.twimg.com/profile_banners/2275249735/1501094272,http://pbs.twimg.com/profile_images/890280079724613632/pXzlliRC_normal.jpg,https://pbs.twimg.com/profile_images/890280079724613632/pXzlliRC_normal.jpg,0084B4,FFFFFF,DDEEF6,333333,True,False,BelchertwnMAGOP,1101,,none,http://t.co/ap5l34TcZV,,False,1
False,Thu Jan 16 15:18:15 +0000 2014,False,False,We #followback Right-Minded Patriots & Liberty Republicans from any State. Part of the MAGOP Project - Learn More On the Web About What We Do #2,{'urls': []},724,False,1484,False,1393,False,False,2294603191,2294603191,False,False,en,8,Massachusetts,New Braintree MAGOP,False,C0DEED,http://pbs.twimg.com/profile_background_images/378800000169233184/dCV7TEFc.png,https://pbs.twimg.com/profile_background_images/378800000169233184/dCV7TEFc.png,True,https://pbs.twimg.com/profile_banners/2294603191/1495651863,http://pbs.twimg.com/profile_images/867452980446064640/4YJQ7mSX_normal.jpg,https://pbs.twimg.com/profile_images/867452980446064640/4YJQ7mSX_normal.jpg,0084B4,FFFFFF,DDEEF6,333333,True,False,NBraintreeMAGOP,909,,none,http://t.co/jYvqmtPizF,,False,1
False,Fri Jan 24 15:20:24 +0000 2014,False,False,We #followback Right-Minded Patriots & Liberty Republicans from any State. Part of the MAGOP Project - Learn More On the Web About What We Do #9,{'urls': []},919,False,1545,False,1481,False,False,2308520706,2308520706,False,False,en,10,Massachusetts,Acushnet MAGOP,False,C0DEED,http://pbs.twimg.com/profile_background_images/378800000174449423/Jg74E0yb.jpeg,https://pbs.twimg.com/profile_background_images/378800000174449423/Jg74E0yb.jpeg,True,https://pbs.twimg.com/profile_banners/2308520706/1494640697,http://pbs.twimg.com/profile_images/863211824107233280/VRqkvuX0_normal.jpg,https://pbs.twimg.com/profile_images/863211824107233280/VRqkvuX0_normal.jpg,0084B4,FFFFFF,DDEEF6,333333,True,False,AcushnetMAGOP,1573,,none,http://t.co/jYvqmtPizF,,False,1
False,Sun Jan 26 20:42:09 +0000 2014,False,False,We #followback Right-Minded Patriots & Liberty Republicans from any State. Part of the MAGOP Project - Learn More On the Web About What We Do #8,{'urls': []},950,False,1319,False,1295,False,False,2312443350,2312443350,False,False,en,9,Massachusetts,WBridgewater MAGOP,False,C0DEED,http://pbs.twimg.com/profile_background_images/378800000176149009/Qcr7kuXd.jpeg,https://pbs.twimg.com/profile_background_images/378800000176149009/Qcr7kuXd.jpeg,True,https://pbs.twimg.com/profile_banners/2312443350/1493747714,http://pbs.twimg.com/profile_images/859466387185696770/B7wi_L34_normal.jpg,https://pbs.twimg.com/profile_images/859466387185696770/B7wi_L34_normal.jpg,0084B4,FFFFFF,DDEEF6,333333,True,False,WBridgewtrMAGOP,984,,none,http://t.co/jYvqmtPizF,,False,1
False,Thu Jan 30 14:20:07 +0000 2014,False,False,We #followback Right-Minded Patriots & Liberty Republicans from any State. Part of the MAGOP Project - Learn More On the Web About What We Do #9,{'urls': []},319,False,1251,False,1190,False,False,2318983652,2318983652,False,False,en,10,Massachusetts,Aquinnah MAGOP,False,C0DEED,http://pbs.twimg.com/profile_background_images/378800000178321482/ydLoRI0K.jpeg,https://pbs.twimg.com/profile_background_images/378800000178321482/ydLoRI0K.jpeg,True,https://pbs.twimg.com/profile_banners/2318983652/1500934321,http://pbs.twimg.com/profile_images/889609194470383616/RHu9zA2z_normal.jpg,https://pbs.twimg.com/profile_images/889609194470383616/RHu9zA2z_normal.jpg,0084B4,FFFFFF,DDEEF6,333333,True,False,AquinnahMAGOP,655,,none,http://t.co/ap5l34TcZV,,False,1
False,Thu Jan 30 14:57:52 +0000 2014,True,False,We #followback Right-Minded Patriots & Liberty Republicans from any State. Part of the MAGOP Project - Learn More On the Web About What We Do #6,{'urls': []},927,False,1362,False,1336,False,False,2319048049,2319048049,False,False,en,12,,Lynnfield MAGOP,False,C0DEED,http://abs.twimg.com/images/themes/theme1/bg.png,https://abs.twimg.com/images/themes/theme1/bg.png,False,https://pbs.twimg.com/profile_banners/2319048049/1493861263,http://pbs.twimg.com/profile_images/859942607333597185/EENDPOIJ_normal.jpg,https://pbs.twimg.com/profile_images/859942607333597185/EENDPOIJ_normal.jpg,1DA1F2,C0DEED,DDEEF6,333333,True,False,LynnfieldMAGOP,1220,,none,,,False,1
False,Fri Jan 31 14:22:25 +0000 2014,False,False,We #followback Right-Minded Patriots & Liberty Republicans from any State. Part of the MAGOP Project - Learn More On the Web About What We Do #1,{'urls': []},621,False,1300,False,1260,False,False,2320872192,2320872192,False,False,en,12,Massachusetts,Middlefield MAGOP,False,C0DEED,http://pbs.twimg.com/profile_background_images/378800000178885015/ewcAebp5.jpeg,https://pbs.twimg.com/profile_background_images/378800000178885015/ewcAebp5.jpeg,True,https://pbs.twimg.com/profile_banners/2320872192/1502324524,http://pbs.twimg.com/profile_images/895440110694658048/bYyy5CWD_normal.jpg,https://pbs.twimg.com/profile_images/895440110694658048/bYyy5CWD_normal.jpg,0084B4,FFFFFF,DDEEF6,333333,True,False,MiddlefldMAGOP,834,,none,http://t.co/jYvqmtPizF,,False,1
False,Sun Feb 09 19:34:02 +0000 2014,False,False,We #followback Right-Minded Patriots & Liberty Republicans from any State. Part of the MAGOP Project - Learn More On the Web About What We Do #9,{'urls': []},856,False,1302,False,1273,False,False,2335569980,2335569980,False,False,en,10,Massachusetts,Norwell MAGOP,False,C0DEED,http://pbs.twimg.com/profile_background_images/432601124164489216/v7CFDLYj.jpeg,https://pbs.twimg.com/profile_background_images/432601124164489216/v7CFDLYj.jpeg,True,https://pbs.twimg.com/profile_banners/2335569980/1500924814,http://pbs.twimg.com/profile_images/889569314277212161/vAr7IfEL_normal.jpg,https://pbs.twimg.com/profile_images/889569314277212161/vAr7IfEL_normal.jpg,0084B4,FFFFFF,DDEEF6,333333,True,False,NorwellMAGOP,729,,none,http://t.co/jYvqmtPizF,,False,1
False,Wed Feb 12 14:24:32 +0000 2014,False,False,"We #followback Right-Minded Patriots & Liberty Republicans from any State. Part of the MAGOP Project - Learn More On the Web About What We Do
#1",{'urls': []},585,False,1390,False,1349,False,False,2340420192,2340420192,False,False,en,10,Massachusetts,Peru MAGOP,False,C0DEED,http://pbs.twimg.com/profile_background_images/433612230899163136/jxO9Zdky.jpeg,https://pbs.twimg.com/profile_background_images/433612230899163136/jxO9Zdky.jpeg,True,https://pbs.twimg.com/profile_banners/2340420192/1499961096,http://pbs.twimg.com/profile_images/885527183069855744/-Bt-FoZ5_normal.jpg,https://pbs.twimg.com/profile_images/885527183069855744/-Bt-FoZ5_normal.jpg,0084B4,FFFFFF,DDEEF6,333333,True,False,PeruMAGOP,726,,none,http://t.co/jYvqmtPizF,,False,1
False,Thu Feb 27 21:23:26 +0000 2014,False,False,We #followback Right-Minded Patriots & Liberty Republicans from any State. Part of the MAGOP Project - Learn More On the Web About What We Do #9,{'urls': []},366,False,1097,False,1081,False,False,2364674083,2364674083,False,False,en,9,Massachusetts,Hyannis MAGOP,False,C0DEED,http://pbs.twimg.com/profile_background_images/439152243493711872/pFyTfiqE.jpeg,https://pbs.twimg.com/profile_background_images/439152243493711872/pFyTfiqE.jpeg,True,https://pbs.twimg.com/profile_banners/2364674083/1517034317,http://pbs.twimg.com/profile_images/957137446600196096/8sBSgMok_normal.jpg,https://pbs.twimg.com/profile_images/957137446600196096/8sBSgMok_normal.jpg,0084B4,FFFFFF,DDEEF6,333333,True,False,HyannisMAGOP,571,,none,http://t.co/pktkUf2w8m,,False,1
False,Tue Mar 11 12:59:44 +0000 2014,True,False,We #followback Right-Minded Patriots & Liberty Republicans from any State. Part of the MAGOP Project - Learn More On the Web About What We Do #2,{'urls': []},627,False,1216,False,1193,False,False,2383681748,2383681748,False,False,en,12,Massachusetts,Sutton MAGOP,False,C0DEED,http://abs.twimg.com/images/themes/theme1/bg.png,https://abs.twimg.com/images/themes/theme1/bg.png,False,https://pbs.twimg.com/profile_banners/2383681748/1491925588,http://pbs.twimg.com/profile_images/851823818242785280/Mzd04Sam_normal.jpg,https://pbs.twimg.com/profile_images/851823818242785280/Mzd04Sam_normal.jpg,1DA1F2,C0DEED,DDEEF6,333333,True,False,SuttonMAGOP,682,,none,http://t.co/jYvqmu7rNN,,False,1
False,Tue Mar 11 19:51:07 +0000 2014,True,False,We #followback Right-Minded Patriots & Liberty Republicans from any State. Part of the MAGOP Project - Learn More On the Web About What We Do #2,{'urls': []},769,False,1433,False,1392,False,False,2384134034,2384134034,False,False,en,15,Massachusetts,Templeton MAGOP,False,C0DEED,http://abs.twimg.com/images/themes/theme1/bg.png,https://abs.twimg.com/images/themes/theme1/bg.png,False,https://pbs.twimg.com/profile_banners/2384134034/1504295716,http://pbs.twimg.com/profile_images/889253129065082880/ePRHS1At_normal.jpg,https://pbs.twimg.com/profile_images/889253129065082880/ePRHS1At_normal.jpg,1DA1F2,C0DEED,DDEEF6,333333,True,False,TempletonMAGOP,1190,,none,http://t.co/0jostSd78P,,False,1
False,Wed Mar 12 12:24:34 +0000 2014,False,False,"We #followback Right-Minded Patriots & Liberty Republicans from any State. Part of the MAGOP Project - Learn More On the Web About What We Do
 #9",{'urls': []},720,False,1382,False,1305,False,False,2385176744,2385176744,False,False,en,11,Massachusetts,Tisbury MAGOP,False,C0DEED,http://pbs.twimg.com/profile_background_images/443849198467678208/tpLg3MmC.jpeg,https://pbs.twimg.com/profile_background_images/443849198467678208/tpLg3MmC.jpeg,True,https://pbs.twimg.com/profile_banners/2385176744/1493744757,http://pbs.twimg.com/profile_images/859453973249617921/c85bsLs3_normal.jpg,https://pbs.twimg.com/profile_images/859453973249617921/c85bsLs3_normal.jpg,0084B4,FFFFFF,DDEEF6,333333,True,False,TisburyMAGOP,854,,none,http://t.co/jYvqmu7rNN,,False,1
False,Fri Mar 21 13:19:17 +0000 2014,False,False,We #followback Right-Minded Patriots & Liberty Republicans from any State. Part of the MAGOP Project - Learn More On the Web About What We Can Do For You #6,{'urls': []},299,False,1221,False,1050,False,False,2401555788,2401555788,False,False,en,14,Massachusetts,Wenham MAGOP,False,C0DEED,http://pbs.twimg.com/profile_background_images/447010501038338048/wuud4UL7.jpeg,https://pbs.twimg.com/profile_background_images/447010501038338048/wuud4UL7.jpeg,True,https://pbs.twimg.com/profile_banners/2401555788/1502383437,http://pbs.twimg.com/profile_images/895687261546786816/9fVLALpy_normal.jpg,https://pbs.twimg.com/profile_images/895687261546786816/9fVLALpy_normal.jpg,0084B4,FFFFFF,DDEEF6,333333,True,False,WenhamMAGOP,517,,none,http://t.co/jYvqmu7rNN,,False,1
False,Wed Mar 26 16:32:47 +0000 2014,False,False,We #followback Right-Minded Patriots & Liberty Republicans from any State. Part of the MAGOP Project - Learn More On the Web About What We Do #9,{'urls': []},534,False,1421,False,1398,False,False,2412859567,2412859567,False,False,en,13,Massachusetts,WTisburyMAGOP,False,C0DEED,http://pbs.twimg.com/profile_background_images/448862379565006850/s5BO-NzU.jpeg,https://pbs.twimg.com/profile_background_images/448862379565006850/s5BO-NzU.jpeg,True,https://pbs.twimg.com/profile_banners/2412859567/1492107494,http://pbs.twimg.com/profile_images/852585228937740288/O5qqEoll_normal.jpg,https://pbs.twimg.com/profile_images/852585228937740288/O5qqEoll_normal.jpg,0084B4,FFFFFF,DDEEF6,333333,True,False,WTisburyMAGOP,1427,,none,http://t.co/jYvqmu7rNN,,False,1
False,Wed Oct 08 17:53:16 +0000 2014,True,False,We #followback Right-Minded Patriots & Liberty Republicans from any State. Part of the MAGOP Project - Learn More On the Web About What We Do #5,{'urls': []},226,False,1249,False,1104,False,False,2816156351,2816156351,False,False,en,6,Massachusetts,West Medford MAGOP,False,C0DEED,http://abs.twimg.com/images/themes/theme1/bg.png,https://abs.twimg.com/images/themes/theme1/bg.png,False,https://pbs.twimg.com/profile_banners/2816156351/1500318463,http://pbs.twimg.com/profile_images/887026089763065856/zVYv0WeW_normal.jpg,https://pbs.twimg.com/profile_images/887026089763065856/zVYv0WeW_normal.jpg,1DA1F2,C0DEED,DDEEF6,333333,True,False,WMedfordMAGOP,620,,none,https://t.co/7il5fpbABH,,False,1
